ag,ab_name,interface,polymorphic,pi* >= 0.01,0.001 <= pi* < 0.01,0.0001 <= pi* < 0.001,pi* < 0.0001,D* >= 3,2 <= D* < 3,1 <= D* < 2,0 <= D* < 1,D* < 0,total,p0.01,p0.001
CSP,CSP: 1710,314+317+318+320+321+324+355+356+357+358+359+360+361+364,11,14,0,0,0,0,1,12,1,0,14,100,100
CSP,CSP: Fab234,314+315+317+318+320+321+322+324+325+327+353+354+355+356+357+358+359+360+364,13,19,0,0,0,0,2,15,2,0,19,100,100
CSP,CSP: Fab1512,309+310+311+312+313+316+331+340+342+343+345+347+348+349+360+362+365+366+367+368+369+370,0,21,0,0,1,0,9,9,3,1,22,95.45454545454545,95.45454545454545
CSP,CSP: Fab236,314+317+318+320+321+322+324+327+354+355+356+357+358+359+360+361+364,14,17,0,0,0,0,1,14,2,0,17,100,100
CSP,CSP: Fab1488,314+317+318+320+321+322+324+327+353+354+356+357+358+359+360+363+364,12,17,0,0,0,0,1,14,2,0,17,100,100
CSP,CSP: Fab352,314+317+318+320+321+322+324+327+353+354+355+356+357+358+359+360+364,13,17,0,0,0,0,1,14,2,0,17,100,100
AMA1,AMA1: 1F9,183+186+187+188+189+190+193+196+197+199+200+201+202+203+204+205+208+220+222+223+224+225+228+230+235+246,13,26,0,0,0,2,21,3,0,0,26,100,100
Rh5,Rh5: R5.004,197+346+350+352+354+357+358+360+361+362+365+366+439+442+443+446+447+448+449,0,0,12,3,4,0,0,0,4,15,19,0,63.15789474
Rh5,Rh5: R5.015,378+382+385+386+389+390+392+393+396+400+491+494+495+498+499+501+502+503+504+505+506,1,0,6,15,0,0,0,0,0,21,21,0,28.57142857142857
Rh5,Rh5: 9AD4,193+202+205+206+209+212+213+216+327+328+331+334+335+337+338+339+340+341+342+344+456,0,0,16,2,3,0,0,0,16,5,21,0,76.19047619047619
Rh5,Rh5: QA1,196+197+198+341+344+345+346+347+348+349+350+352+354+451+452,0,0,15,0,0,0,0,0,14,1,15,0,100
Rh5,Rh5: R5.016,193+199+201+202+203+204+205+206+207+208+209+211+212+213+215+216+219+327+328+331+335+338+339,1,0,17,2,4,0,0,0,15,8,23,0,73.91304347826086
Rh5,Rh5: R5.011,151+153+154+155+156+158+159+160+161+162+163+305+307+308+311+312+315+316+318+319+322+415+419+423,0,0,9,5,10,0,0,2,5,17,24,0,37.5
Pfs25,Pfs25: 1260,34+36+38+43+45+46+47+48+49+102+103+104+116+118+119+136+169+170+171+172+173+174+176+178+184,0,0,0,1,24,0,0,0,0,25,25,0,0
Pfs25,Pfs25: 1276,97+99+108+109+111+112+113+126+127+128+129+130+131+132+143+144+146+147,1,0,0,5,13,0,0,0,0,18,18,0,0
Pfs25,Pfs25: 1269,39+40+108+109+112+113+114+121+123+125+126+127+128+129+130+131+132+133+134+140+141+143+144+146+147+148,1,0,0,7,19,0,0,0,0,26,26,0,0
Pfs25,Pfs25: 1245,34+36+38+43+45+46+47+48+61+102+103+104+116+118+119+136+169+170+171+172+173+174+176+178,0,0,0,1,23,0,0,0,0,24,24,0,0
Pfs25,Pfs25: 2586,117+136+137+138+139+140+151+152+153+154+155+156+157+170+171+172+173+175,0,0,0,3,15,0,0,0,0,18,18,0,0
Pfs25,Pfs25: 1G2,31+32+47+48+49+50+58+59+60+61+62+63+64+68+69+72,1,0,0,0,16,0,0,0,0,16,16,0,0
Pfs25,Pfs25: 1190,108+109+111+112+113+123+126+127+128+129+130+131+132+143+144+146+147+97+99,1,0,0,5,14,0,0,0,0,19,19,0,0
Pfs25,Pfs25: 1262,108+109+111+112+113+115+123+126+127+128+129+130+131+132+133+141+143+146+147,1,0,0,5,14,0,0,0,0,19,19,0,0
Pfs25,Pfs25: 2530,48+49+50+60+61+62+63+64+67+68+69+72,1,0,0,0,12,0,0,0,0,12,12,0,0
Pfs25,Pfs25: 2587,137+138+139+140+151+152+153+154+155+156+157+167+170+175+181,0,0,0,3,12,0,0,0,0,15,15,0,0
Pfs25,Pfs25: 2544,124+125+156+157+158+159+160+161+162+22+23+24+25+26+27+28+29+37+40+41+42+54+55+56,0,0,0,2,22,0,0,0,0,24,24,0,0
Pfs4845,Pfs4845: RUPA-29,347+348+349+350+351+354+355+357+364+365+367+369+371+413+415+416,1,0,7,6,3,0,0,0,0,16,16,0,43.75
Pfs4845,Pfs4845: RUPA-44,312+314+318+319+320+321+322+323+324+325+326+327+328+362+363+364,2,0,14,2,0,0,0,0,1,15,16,0,87.5
Pfs4845,Pfs4845: RUPA-47,347+349+350+351+354+355+357+358+360+362+363+364+365+366+367+368+369+370+371+374+375+413,1,0,4,13,5,0,0,0,0,22,22,0,18.181818181818183
Pfs4845,Pfs4845: RUPA-117,312+314+318+319+320+321+322+323+324+325+326+327+328+361+363+416+420,2,0,15,2,0,0,0,0,1,16,17,0,88.23529411764706
Pfs4845,Pfs4845: 32F3,322+323+324+347+349+357+358+359+360+361+362+363+364+365+366+367+368+369+409+411+413+415+416+420,2,0,12,9,3,0,0,0,0,24,24,0,50
Pfs4845,Pfs4845: 10D8,203+205+206+207+208+209+210+214+215+216+267+268+285+286+287+288+289+290,0,0,4,7,7,0,0,0,3,15,18,0,22.22222222222222
Pfs4845,Pfs4845: 85RF45.1,321+345+346+347+348+349+350+351+354+355+364+365+366+367+369+371+385+390+392+394+411+413+414+415+416+418,1,0,16,8,2,0,0,0,0,26,26,0,61.53846153846154
Pfs4845,Pfs4845: TB31F,321+322+345+346+347+348+349+350+351+355+357+369+371+390+392+394+411+413+414+415+416,2,0,15,3,3,0,0,0,0,21,21,0,71.42857142857143
"Pfs230.D1,D2","Pfs230.D1,D2: 4F12",580+581+582+583+584+585+586+594+596+597+598+600+601+602+603+604+607+609+632,0,0,17,2,0,0,0,0,1,18,19,0,89.47368421052632
"Pfs230.D1,D2","Pfs230.D1,D2: RUPA-97",589+618+619+668+669+670+671+693+694+695+697+731+732+733+734,0,0,14,1,0,0,0,0,1,14,15,0,93.33333333333333
"Pfs230.D1,D2","Pfs230.D1,D2: 15C5",580+581+582+583+584+585+594+595+597+598+600+601+602+609+611+612+635,0,0,16,1,0,0,0,0,1,16,17,0,94.11764705882352
"Pfs230.D1,D2","Pfs230.D1,D2: RUPA-38",561+563+564+565+566+567+570+571+572+573+629+638+640+642+644+657+709+710,0,0,14,4,0,0,0,0,1,17,18,0,77.77777777777779
"Pfs230.D1,D2","Pfs230.D1,D2: 230AS-88",600+628+629+630+631+632+633+634+635+637+638+679+684+685,0,0,5,7,2,0,0,0,2,12,14,0,35.714285714285715
"Pfs230.D1,D2","Pfs230.D1,D2: 230AL-18",580+581+582+583+584+585+592+593+594+595+596+597+598+600+601+602+603+604+609+611+612+614+616+632+635+713+716,2,0,24,3,0,0,0,0,1,26,27,0,88.88888888888889
"Pfs230.D1,D2","Pfs230.D1,D2: 230AL-26",585+587+588+590+592+594+596+621+623+625+628+629+630+631+674+675+677+678+679+680+684+685+686+687,0,0,8,8,8,0,0,0,5,19,24,0,33.33333333333333
"Pfs230.D1,D2","Pfs230.D1,D2: LMIV230-01",565+566+567+568+569+570+571+573+574+575+576+577+579+581+610+612+653+654+655+656+657+659+698+699+700+701+703+724+726,4,0,28,1,0,0,0,0,0,29,29,0,96.55172413793103
"Pfs230.D1,D2","Pfs230.D1,D2: RUPA-55",580+581+582+583+584+585+594+595+597+598+600+601+602+603+609+611+612+614+635+716,0,0,19,1,0,0,0,0,1,19,20,0,95
"Pfs230.D1,D2","Pfs230.D1,D2: LMIV230-02",555+556+557+558+619+645+646+647+648+664+667+668+669+670+671+672+673+674+675+680+681+682+684+691+692+693+694,0,0,22,0,5,0,0,0,2,25,27,0,81.48148148148148
"Pfs230.D1,D2","Pfs230.D1,D2: RUPA-32",580+581+582+583+584+585+594+595+596+597+598+600+601+602+609+611+612+614+632+635+716,0,0,19,2,0,0,0,0,1,20,21,0,90.47619047619048
"Pfs230.D1,D2","Pfs230.D1,D2: 230AL-20",579+580+581+582+583+584+610+612+614+615+616+617+697+698+699+724+726+727+728+729,3,0,20,0,0,0,0,0,0,20,20,0,100
"Pfs230.D1,D2","Pfs230.D1,D2: 230AS-26",586+587+588+618+619+644+645+646+647+648+649+669+670+671+672+673+674+675+677+678+680+681+682+691+692+693+694+695,0,0,21,0,7,0,0,0,3,25,28,0,75
"Pfs230.D1,D2","Pfs230.D1,D2: 230AS-18",570+571+572+573+574+575+603+604+605+606+634+637+638+709+710+711+712+713+714+715+716+717,3,0,18,4,0,0,0,0,0,22,22,0,81.81818181818183
"Pfs230.D1,D2","Pfs230.D1,D2: 230AS-73",575+576+577+578+579+580+581+582+583+584+586+591+604+607+610+612+614+616+617+698+699+700+701+724+726,2,0,25,0,0,0,0,0,0,25,25,0,100
"Pfs230.D1,D2","Pfs230.D1,D2: 230AL-37",571+572+573+574+603+605+606+633+634+635+637+638+640+709+710+711+712+713+714+715+717,3,0,16,5,0,0,0,0,0,21,21,0,76.19047619047619
MSP119,MSP119: 42C3,1616+1617+1618+1619+1620+1621+1622+1623+1624+1637+1638+1639+1640+1643+1646+1647+1648+1649+1650+1651+1675+1677+1693+1694,4,0,24,0,0,0,0,13,11,0,24,0,100
MSP119,MSP119: 42C11,1612+1616+1617+1618+1619+1620+1621+1622+1623+1637+1638+1639+1640+1643+1646+1647+1648+1649+1650+1651+1653+1679+1693+1694,2,0,24,0,0,0,0,11,12,1,24,0,100
MSP119,MSP119: MaliM03,1612+1613+1614+1615+1616+1617,0,0,6,0,0,0,0,3,1,2,6,0,100
MSP119,MSP119: 42D6,1612+1621+1622+1623+1637+1669+1671+1679+1681+1682+1683+1684+1685+1686+1687+1688+1689+1690+1691+1692+1693+1694,3,0,22,0,0,0,0,5,13,4,22,0,100
MSP119,MSP119: G17.12,1614+1615+1616+1617+1618+1619+1620+1629+1630+1631+1632+1634+1644+1645,1,0,14,0,0,0,0,7,3,4,14,0,100
Pfs47,Pfs47: linear,178+179+180+181+182+183+184+185+186+187+188+189+190+191+192+193+194+195+196+197+198+199+200+201+202+203+204+205+206+207+208+209+210+211+212+213+214+215+216+217+218+219+220+221+222+223+224+225+226+227+228+229,5,0,50,2,0,0,0,0,3,49,52,0,96.15384615384616
