"pname","aa_pos","a","v","i","l","m","w","y","f","s","t","n","q","c","g","p","r","h","k","d","e","*","index","options","in_exp"
"ama1",4,0,0,0.00374531835205993,0.99625468164794,0,0,0,0,0,0,0,0,0,0,0,0,0,0,0,0,0,1,2,0
"ama1",34,0,0,0,0,0,0,0,0,0,0,0.925093632958802,0,0,0,0,0,0.00374531835205993,0.0711610486891386,0,0,0,2,3,0
"ama1",39,0,0,0,0,0,0,0,0,0,0,0,0,0,0,0,0.889513108614232,0.110486891385768,0,0,0,0,3,2,0
"ama1",47,0,0,0,0,0,0,0.00374531835205993,0,0,0,0,0,0,0,0,0,0.99625468164794,0,0,0,0,4,2,0
"ama1",54,0,0,0,0,0,0,0,0,0.470037453183521,0,0,0,0,0,0.529962546816479,0,0,0,0,0,0,5,2,0
"ama1",58,0,0,0,0,0,0,0,0,0,0,0,0,0,0,0,0,0,0.387640449438202,0,0.612359550561798,0,6,2,0
"ama1",62,0,0,0,0,0,0,0,0,0,0,0,0.277153558052434,0,0,0,0,0,0.722846441947566,0,0,0,7,2,0
"ama1",69,0,0.599250936329588,0,0,0,0,0,0,0,0,0,0,0,0,0,0,0,0,0.400749063670412,0,0,8,2,0
"ama1",72,0,0,0.00187265917602996,0,0,0,0,0,0,0.99812734082397,0,0,0,0,0,0,0,0,0,0,0,9,2,0
"ama1",75,0,0,0,0,0,0,0,0,0,0,0,0,0,0,0,0.0243445692883895,0.975655430711611,0,0,0,0,10,2,0
"ama1",76,0.99250936329588,0.00749063670411985,0,0,0,0,0,0,0,0,0,0,0,0,0,0,0,0,0,0,0,11,2,0
"ama1",121,0,0,0,0,0,0,0,0,0,0,0,0,0,0,0,0,0,0.0187265917602996,0,0.9812734082397,0,12,2,1
"ama1",162,0,0,0,0,0,0,0,0,0,0,0.956928838951311,0,0,0,0,0,0,0.0430711610486891,0,0,0,13,2,1
"ama1",167,0,0,0,0,0,0,0,0,0,0.966292134831461,0,0,0,0,0,0,0,0.0337078651685393,0,0,0,14,2,1
"ama1",173,0,0,0,0,0,0,0,0,0,0,0.932584269662921,0,0,0,0,0,0,0.0674157303370786,0,0,0,15,2,1
"ama1",187,0,0,0,0,0,0,0,0,0,0,0.0636704119850187,0,0,0,0,0,0,0.0468164794007491,0,0.889513108614232,0,16,3,1
"ama1",190,0,0,0.0880149812734082,0,0.911985018726592,0,0,0,0,0,0,0,0,0,0,0,0,0,0,0,0,17,2,1
"ama1",199,0,0,0,0,0,0,0,0,0,0,0,0,0,0,0,0.962546816479401,0,0.0374531835205993,0,0,0,18,2,1
"ama1",200,0,0,0,0,0,0,0,0,0,0,0,0,0,0,0,0,0.904494382022472,0,0.0955056179775281,0,0,19,2,1
"ama1",201,0,0,0,0,0,0,0,0.970037453183521,0.0299625468164794,0,0,0,0,0,0,0,0,0,0,0,0,20,2,1
"ama1",204,0,0,0,0,0,0,0,0,0,0,0.0917602996254682,0,0,0,0,0,0,0.00187265917602996,0.906367041198502,0,0,21,3,1
"ama1",206,0,0,0,0,0,0,0,0,0,0,0,0,0,0,0,0,0,0.882022471910112,0,0.117977528089888,0,22,2,1
"ama1",207,0,0,0,0,0,0,0.953183520599251,0,0,0,0,0,0,0,0,0,0,0,0.0468164794007491,0,0,23,2,1
"ama1",225,0,0,0.861423220973783,0,0,0,0,0,0,0,0.138576779026217,0,0,0,0,0,0,0,0,0,0,24,2,1
"ama1",230,0,0,0.0149812734082397,0,0,0,0,0,0,0,0,0,0,0,0,0,0,0.98501872659176,0,0,0,25,2,1
"ama1",242,0,0,0,0,0,0,0.129213483146067,0,0,0,0,0,0,0,0,0,0,0,0.870786516853933,0,0,26,2,1
"ama1",243,0,0,0,0,0,0,0,0,0,0,0.142322097378277,0,0,0,0,0,0,0.5,0.0973782771535581,0.260299625468165,0,27,4,1
"ama1",245,0,0,0,0,0,0,0,0,0,0,0.0861423220973783,0,0,0,0,0,0,0.913857677902622,0,0,0,28,2,1
"ama1",267,0,0,0,0,0,0,0,0,0,0,0,0.155430711610487,0,0,0,0,0,0,0,0.844569288389513,0,29,2,1
"ama1",269,0,0,0.228464419475655,0,0,0,0,0,0,0,0,0,0,0,0,0,0,0.771535580524345,0,0,0,30,2,1
"ama1",281,0,0,0,0,0,0,0,0,0,0,0,0,0,0,0,0,0.189138576779026,0,0.810861423220974,0,0,31,2,1
"ama1",282,0,0.176029962546816,0.529962546816479,0,0,0,0,0,0,0,0,0,0,0,0,0,0,0.273408239700375,0,0.0205992509363296,0,32,4,1
"ama1",283,0,0,0,0.146067415730337,0,0,0,0,0.853932584269663,0,0,0,0,0,0,0,0,0,0,0,0,33,2,1
"ama1",285,0,0,0,0,0,0,0,0,0,0,0,0.825842696629214,0,0,0,0,0,0,0,0.174157303370787,0,34,2,1
"ama1",286,0,0,0,0,0,0,0,0,0,0,0.423220973782772,0,0,0,0,0,0,0,0.576779026217228,0,0,35,2,1
"ama1",296,0,0,0,0,0,0,0,0,0,0,0,0,0,0,0,0,0.357677902621723,0,0.642322097378277,0,0,36,2,1
"ama1",300,0,0,0,0,0,0,0,0,0,0,0,0,0,0,0,0,0,0.601123595505618,0,0.398876404494382,0,37,2,1
"ama1",325,0,0,0,0,0,0,0,0,0,0,0,0,0,0,0,0,0.709737827715356,0,0.290262172284644,0,0,38,2,1
"ama1",328,0,0,0,0,0,0,0,0,0,0,0,0,0,0,0,0,0,0.411985018726592,0,0.588014981273408,0,39,2,1
"ama1",330,0,0,0,0,0,0,0,0,0.187265917602996,0,0,0,0,0,0.812734082397004,0,0,0,0,0,0,40,2,1
"ama1",332,0,0,0.773408239700375,0,0,0,0,0,0,0,0.151685393258427,0,0,0,0,0,0,0.0749063670411985,0,0,0,41,3,1
"ama1",367,0,0,0,0.50561797752809,0,0,0,0.49438202247191,0,0,0,0,0,0,0,0,0,0,0,0,0,42,2,1
"ama1",376,0,0,0,0,0,0,0,0,0,0.0355805243445693,0,0,0,0,0,0,0,0.964419475655431,0,0,0,43,2,1
"ama1",393,0,0,0,0,0,0,0.0168539325842697,0,0,0,0,0,0.00561797752808989,0,0,0.391385767790262,0.586142322097378,0,0,0,0,44,4,1
"ama1",395,0,0,0,0,0,0,0,0,0,0,0,0,0,0,0,0.436329588014981,0,0.563670411985019,0,0,0,45,2,1
"ama1",404,0,0,0,0,0,0,0,0,0,0.902621722846442,0,0,0,0,0,0.0973782771535581,0,0,0,0,0,46,2,1
"ama1",405,0,0.617977528089888,0,0,0,0,0,0,0,0,0,0,0,0,0,0,0,0.0917602996254682,0,0.290262172284644,0,47,3,1
"ama1",440,0,0,0,0,0,0,0,0,0,0,0.331460674157303,0,0,0,0,0,0,0.668539325842697,0,0,0,48,2,0
"ama1",448,0,0,0,0,0,0,0,0,0,0,0.265917602996255,0,0,0,0,0,0,0,0.734082397003745,0,0,49,2,0
"ama1",483,0,0,0,0,0,0,0,0,0,0,0.305243445692884,0,0,0,0,0,0,0,0.694756554307116,0,0,50,2,0
"ama1",485,0,0,0.653558052434457,0,0,0,0,0,0,0,0,0,0,0,0,0,0,0.346441947565543,0,0,0,51,2,0
"ama1",493,0.632958801498127,0,0,0,0,0,0,0,0,0,0,0,0,0,0,0,0,0,0.367041198501873,0,0,52,2,0
"ama1",496,0,0,0.0898876404494382,0,0.910112359550562,0,0,0,0,0,0,0,0,0,0,0,0,0,0,0,0,53,2,0
"ama1",503,0,0,0,0,0,0,0,0,0.181647940074906,0,0.322097378277154,0,0,0,0,0.292134831460674,0.204119850187266,0,0,0,0,54,4,0
"ama1",505,0,0,0,0,0,0,0.234082397003745,0.765917602996255,0,0,0,0,0,0,0,0,0,0,0,0,0,55,2,0
"ama1",511,0,0,0,0,0,0,0,0,0,0,0,0,0,0,0,0,0,0,0.176029962546816,0.823970037453184,0,56,2,0
"ama1",512,0,0,0,0,0,0,0,0,0,0,0,0,0,0,0,0.822097378277154,0,0.177902621722846,0,0,0,57,2,0
"ama1",526,0,0.110486891385768,0,0,0,0,0,0,0,0,0,0,0,0,0,0,0,0,0,0.889513108614232,0,58,2,0
"ama1",544,0,0,0,0,0,0,0,0,0,0,0.0561797752808989,0,0,0,0,0,0,0.943820224719101,0,0,0,59,2,0
"ama1",581,0,0,0,0,0,0,0,0,0,0,0,0.117977528089888,0,0,0,0,0,0,0,0.882022471910112,0,60,2,0
"ama1",584,0,0,0,0,0,0,0,0,0,0,0,0,0,0,0,0,0,0,0.602996254681648,0.397003745318352,0,61,2,0
"ama1",589,0,0,0,0,0,0,0,0,0,0.383895131086142,0.578651685393258,0,0,0,0,0,0,0.0374531835205993,0,0,0,62,3,0
"csp",52,0,0.338028169014085,0,0,0,0,0,0,0,0,0,0,0,0,0,0,0,0,0,0.661971830985915,0,1,2,0
"csp",98,0.943661971830986,0,0,0,0,0,0,0,0,0,0,0,0,0.0563380281690141,0,0,0,0,0,0,0,2,2,0
"csp",288,0,0,0,0,0,0,0,0,0,0,0.0316901408450704,0,0,0,0,0,0,0,0.96830985915493,0,0,3,2,0
"csp",294,0,0,0,0,0,0,0,0,0,0,0.188380281690141,0,0,0,0,0,0,0,0.811619718309859,0,0,4,2,0
"csp",295,0.00352112676056338,0,0,0,0,0,0,0,0,0,0,0,0,0,0,0,0,0.109154929577465,0,0.887323943661972,0,5,3,0
"csp",298,0,0,0,0,0,0,0,0,0,0,0.984154929577465,0,0,0,0,0,0,0.0158450704225352,0,0,0,6,2,0
"csp",301,0,0,0,0,0,0,0,0,0.850352112676056,0,0.149647887323944,0,0,0,0,0,0,0,0,0,0,7,2,0
"csp",314,0,0,0,0,0,0,0,0,0,0,0,0.257042253521127,0,0,0,0,0,0.742957746478873,0,0,0,8,2,1
"csp",317,0.00352112676056338,0,0,0,0,0,0,0,0,0.0792253521126761,0,0,0,0,0,0,0,0.669014084507042,0,0.248239436619718,0,9,4,1
"csp",321,0,0,0,0,0,0,0,0,0,0.0563380281690141,0.873239436619718,0,0,0,0,0,0.0704225352112676,0,0,0,0,10,3,1
"csp",324,0,0,0,0,0,0,0,0,0,0,0,0.887323943661972,0,0,0,0,0,0.112676056338028,0,0,0,11,2,1
"csp",327,0,0,0.0422535211267606,0.957746478873239,0,0,0,0,0,0,0,0,0,0,0,0,0,0,0,0,0,12,2,1
"csp",349,0,0,0,0,0,0,0,0,0,0,0,0,0,0.934859154929577,0,0,0,0,0.0651408450704225,0,0,13,2,1
"csp",352,0,0,0,0,0,0,0,0,0.149647887323944,0,0.258802816901408,0,0,0.387323943661972,0,0,0,0,0.204225352112676,0,0,14,4,1
"csp",354,0,0,0,0,0,0,0,0,0.102112676056338,0,0,0,0,0,0.897887323943662,0,0,0,0,0,0,15,2,1
"csp",355,0,0,0,0,0,0,0,0,0,0,0,0,0,0,0,0.112676056338028,0,0.887323943661972,0,0,0,16,2,1
"csp",356,0,0,0,0,0,0,0,0,0,0,0.0827464788732394,0,0,0,0,0,0,0,0.917253521126761,0,0,17,2,1
"csp",357,0,0,0,0,0,0,0,0,0,0,0,0.0985915492957746,0,0,0,0,0,0,0,0.901408450704225,0,18,2,1
"csp",359,0,0,0,0,0,0,0,0,0,0,0.028169014084507,0,0,0,0,0,0,0,0.971830985915493,0,0,19,2,1
"csp",361,0.98943661971831,0,0,0,0,0,0,0,0,0.0105633802816901,0,0,0,0,0,0,0,0,0,0,0,20,2,1
"pfs230",26,0,0,0,0,0,0,0,0,0,0,0,0,0.00801603206412826,0,0,0.991983967935872,0,0,0,0,0,1,2,0
"pfs230",80,0,0,0,0,0,0,0,0,0,0,0,0,0,0.00801603206412826,0,0,0,0,0,0.991983967935872,0,2,2,0
"pfs230",191,0,0,0,0,0,0,0,0,0,0.831663326653307,0,0,0,0,0,0,0,0.168336673346693,0,0,0,3,2,0
"pfs230",227,0,0.997995991983968,0,0,0,0,0,0,0,0,0,0,0,0,0,0,0,0,0,0.00200400801603206,0,4,2,0
"pfs230",360,0,0,0,0,0,0,0.997995991983968,0.00200400801603206,0,0,0,0,0,0,0,0,0,0,0,0,0,5,2,0
"pfs230",444,0,0,0,0,0,0,0.246492985971944,0,0,0,0,0,0,0,0,0,0,0,0,0,0.753507014028056,6,2,0
"pfs230",446,0,0,0,0,0,0,0,0,0,0,0,0,0,0.74749498997996,0,0,0,0,0.25250501002004,0,0,7,2,0
"pfs230",518,0.995991983967936,0.00400801603206413,0,0,0,0,0,0,0,0,0,0,0,0,0,0,0,0,0,0,0,8,2,0
"pfs230",539,0,0,0.997995991983968,0,0,0,0,0,0,0.00200400801603206,0,0,0,0,0,0,0,0,0,0,0,9,2,0
"pfs230",605,0,0,0,0,0,0,0,0,0.144288577154309,0,0,0,0,0.855711422845691,0,0,0,0,0,0,0,10,2,1
"pfs230",652,0,0,0,0,0,0,0,0,0,0.991983967935872,0,0,0,0,0,0.00801603206412826,0,0,0,0,0,11,2,1
"pfs230",655,0,0.00400801603206413,0,0,0,0,0,0,0,0,0,0,0,0,0,0,0,0,0,0.995991983967936,0,12,2,1
"pfs230",661,0,0,0,0,0,0,0,0,0,0,0.0701402805611222,0,0,0,0,0,0,0.929859719438878,0,0,0,13,2,1
"pfs230",825,0,0.00601202404809619,0,0,0,0,0,0,0,0,0,0,0,0.993987975951904,0,0,0,0,0,0,0,14,2,1
"pfs230",892,0,0.00601202404809619,0,0.985971943887776,0,0,0,0,0,0,0,0,0,0,0.00801603206412826,0,0,0,0,0,0,15,3,0
"pfs230",936,0.995991983967936,0,0,0,0,0,0,0,0,0.00400801603206413,0,0,0,0,0,0,0,0,0,0,0,16,2,0
"pfs230",1008,0,0,0,0,0,0,0,0,0,0,0.977955911823647,0,0,0,0,0,0.0220440881763527,0,0,0,0,17,2,0
"pfs230",1082,0,0,0.975951903807615,0,0.0240480961923848,0,0,0,0,0,0,0,0,0,0,0,0,0,0,0,0,18,2,0
"pfs230",1087,0,0,0,0,0,0,0.0220440881763527,0,0.977955911823647,0,0,0,0,0,0,0,0,0,0,0,0,19,2,0
"pfs230",1120,0,0,0,0,0,0,0,0,0,0,0,0.00400801603206413,0,0,0,0,0,0,0,0.995991983967936,0,20,2,0
"pfs230",1152,0,0,0,0,0,0,0,0,0,0,0,0,0,0,0,0,0,0.0541082164328657,0,0.945891783567134,0,21,2,0
"pfs230",1159,0,0,0,0,0,0,0,0,0,0,0,0,0,0,0,0,0.927855711422846,0,0.0721442885771543,0,0,22,2,0
"pfs230",1180,0,0,0,0,0,0,0.140280561122244,0,0,0,0,0,0,0,0,0,0.859719438877755,0,0,0,0,23,2,0
"pfs230",1194,0,0,0,0,0,0,0.865731462925852,0,0.134268537074148,0,0,0,0,0,0,0,0,0,0,0,0,24,2,0
"pfs230",1196,0,0,0,0,0,0,0,0,0,0,0,0.957915831663327,0,0,0,0,0,0,0,0.0420841683366733,0,25,2,0
"pfs230",1198,0,0,0,0,0,0,0,0,0,0,0,0,0,0,0,0,0,0,0.0160320641282565,0.983967935871743,0,26,2,0
"pfs230",1208,0,0,0,0.993987975951904,0,0,0,0.00601202404809619,0,0,0,0,0,0,0,0,0,0,0,0,0,27,2,0
"pfs230",1209,0,0,0,0,0,0,0.0521042084168337,0,0,0,0.17434869739479,0,0,0,0,0,0,0.765531062124248,0,0,0.00801603206412826,28,4,0
"pfs230",1227,0,0,0,0,0,0,0,0,0.829659318637275,0,0.170340681362725,0,0,0,0,0,0,0,0,0,0,29,2,0
"pfs230",1250,0,0,0,0,0,0,0,0,0,0,0,0.817635270541082,0,0,0,0,0,0.182364729458918,0,0,0,30,2,0
"pfs230",1254,0,0,0,0,0,0,0,0,0,0,0,0,0,0,0,0,0,0.891783567134269,0,0.108216432865731,0,31,2,0
"pfs230",1270,0.00400801603206413,0.995991983967936,0,0,0,0,0,0,0,0,0,0,0,0,0,0,0,0,0,0,0,32,2,0
"pfs230",1305,0,0,0,0,0,0,0,0,0,0,0,0,0,0,0,0,0,0.294589178356713,0,0.705410821643287,0,33,2,0
"pfs230",1310,0,0,0,0,0,0,0,0,0,0.549098196392786,0,0,0,0,0,0,0,0.450901803607214,0,0,0,34,2,0
"pfs230",1342,0,0,0,0,0,0,0,0,0,0,0.0200400801603206,0,0,0,0,0,0,0,0.979959919839679,0,0,35,2,0
"pfs230",1347,0,0,0,0,0,0,0,0,0,0.949899799599198,0,0,0,0,0,0.0501002004008016,0,0,0,0,0,36,2,0
"pfs230",1433,0,0,0,0,0,0,0,0,0,0,0,0,0,0,0,0,0,0,0.142284569138277,0.857715430861723,0,37,2,0
"pfs230",1488,0,0.0761523046092184,0.923847695390782,0,0,0,0,0,0,0,0,0,0,0,0,0,0,0,0,0,0,38,2,0
"pfs230",1544,0,0.997995991983968,0.00200400801603206,0,0,0,0,0,0,0,0,0,0,0,0,0,0,0,0,0,0,39,2,0
"pfs230",1554,0,0,0,0,0,0,0,0,0,0,0,0,0,0,0,0.983967935871743,0.0160320641282565,0,0,0,0,40,2,0
"pfs230",1612,0,0,0,0,0,0,0,0,0,0,0,0.00200400801603206,0,0,0,0,0,0,0,0.997995991983968,0,41,2,0
"pfs230",1664,0,0,0,0,0,0,0,0,0,0,0,0,0,0,0,0,0,0.346693386773547,0,0.653306613226453,0,42,2,0
"pfs230",1666,0,0.312625250501002,0,0.687374749498998,0,0,0,0,0,0,0,0,0,0,0,0,0,0,0,0,0,43,2,0
"pfs230",1687,0,0,0,0.0120240480961924,0.987975951903808,0,0,0,0,0,0,0,0,0,0,0,0,0,0,0,0,44,2,0
"pfs230",1792,0,0,0,0,0,0,0,0,0,0,0,0,0,0,0.00400801603206413,0,0.995991983967936,0,0,0,0,45,2,0
"pfs230",1801,0,0.937875751503006,0.062124248496994,0,0,0,0,0,0,0,0,0,0,0,0,0,0,0,0,0,0,46,2,0
"pfs230",1829,0,0,0,0,0,0,0.877755511022044,0,0,0,0.122244488977956,0,0,0,0,0,0,0,0,0,0,47,2,0
"pfs230",1912,0,0,0,0,0,0,0,0,0,0,0.961923847695391,0,0,0,0,0,0,0.0380761523046092,0,0,0,48,2,0
"pfs230",1929,0,0,0,0,0,0,0,0,0,0,0,0,0,0,0,0,0,0.881763527054108,0,0.118236472945892,0,49,2,0
"pfs230",1953,0,0,0,0,0,0,0,0,0,0,0,0,0,0.00400801603206413,0,0,0,0,0.995991983967936,0,0,50,2,0
"pfs230",2147,0,0,0.997995991983968,0,0,0,0,0,0,0.00200400801603206,0,0,0,0,0,0,0,0,0,0,0,51,2,0
"pfs230",2273,0,0.104208416833667,0.895791583166333,0,0,0,0,0,0,0,0,0,0,0,0,0,0,0,0,0,0,52,2,0
"pfs230",2334,0,0,0,0,0,0,0,0,0,0,0.12625250501002,0,0,0,0,0,0.87374749498998,0,0,0,0,53,2,0
"pfs230",2351,0,0,0,0,0,0,0,0,0.0781563126252505,0,0.92184368737475,0,0,0,0,0,0,0,0,0,0,54,2,0
"pfs230",2386,0,0.00801603206412826,0.991983967935872,0,0,0,0,0,0,0,0,0,0,0,0,0,0,0,0,0,0,55,2,0
"pfs230",2435,0,0,0,0,0,0,0,0,0.166332665330661,0,0.12625250501002,0,0,0.314629258517034,0,0,0,0,0.392785571142285,0,0,56,4,0
"pfs230",2565,0,0.204408817635271,0.795591182364729,0,0,0,0,0,0,0,0,0,0,0,0,0,0,0,0,0,0,57,2,0
"pfs230",2574,0.663326653306613,0.336673346693387,0,0,0,0,0,0,0,0,0,0,0,0,0,0,0,0,0,0,0,58,2,0
"pfs230",2676,0,0,0,0,0,0,0,0,0,0,0,0,0,0,0,0,0,0,0.0741482965931864,0.925851703406814,0,59,2,0
"pfs230",2687,0,0,0,0,0,0,0.0701402805611222,0,0,0,0.929859719438878,0,0,0,0,0,0,0,0,0,0,60,2,0
"pfs230",2713,0,0,0,0,0,0,0,0,0,0,0.00400801603206413,0,0,0,0,0,0,0.995991983967936,0,0,0,61,2,0
"pfs230",2775,0,0,0,0,0,0,0,0,0,0,0,0,0,0,0,0,0,0,0.286573146292585,0.713426853707415,0,62,2,0
"pfs230",2817,0,0,0,0,0,0,0,0,0.995991983967936,0,0.00400801603206413,0,0,0,0,0,0,0,0,0,0,63,2,0
"pfs230",2870,0,0,0,0.12625250501002,0,0,0,0,0.87374749498998,0,0,0,0,0,0,0,0,0,0,0,0,64,2,0
"pfs230",2957,0,0,0.440881763527054,0.559118236472946,0,0,0,0,0,0,0,0,0,0,0,0,0,0,0,0,0,65,2,0
"pfs230",2964,0,0,0.649298597194389,0,0,0,0,0,0,0,0.350701402805611,0,0,0,0,0,0,0,0,0,0,66,2,0
"pfs230",3081,0,0,0,0,0,0,0,0,0.965931863727455,0.0340681362725451,0,0,0,0,0,0,0,0,0,0,0,67,2,0
"pfs230",3109,0,0,0.985971943887776,0,0,0,0,0,0,0.0140280561122244,0,0,0,0,0,0,0,0,0,0,0,68,2,0
"pfs230",3130,0,0,0,0,0,0,0,0,0,0.104208416833667,0,0,0,0,0,0,0,0.895791583166333,0,0,0,69,2,0
"pfs230",3135,0,0,0.0901803607214429,0.909819639278557,0,0,0,0,0,0,0,0,0,0,0,0,0,0,0,0,0,70,2,0
"pfs25",63,0,0.0107334525939177,0,0.989266547406082,0,0,0,0,0,0,0,0,0,0,0,0,0,0,0,0,0,1,2,1
"pfs25",132,0,0.998211091234347,0.00178890876565295,0,0,0,0,0,0,0,0,0,0,0,0,0,0,0,0,0,0,2,2,1
"pfs47",8,0,0,0,0,0,0,0,0,0.721153846153846,0,0.278846153846154,0,0,0,0,0,0,0,0,0,0,1,2,0
"pfs47",24,0,0,0,0,0,0,0,0,0.984615384615385,0,0,0,0.0153846153846154,0,0,0,0,0,0,0,0,2,2,1
"pfs47",27,0,0,0,0,0,0,0,0,0,0,0,0,0,0,0,0,0,0,0.123076923076923,0.876923076923077,0,3,2,1
"pfs47",188,0,0,0,0,0,0,0,0,0,0,0,0,0,0,0,0,0,0,0.025,0.975,0,4,2,1
"pfs47",194,0,0,0,0,0,0,0,0,0,0,0,0,0,0,0.853846153846154,0,0.146153846153846,0,0,0,0,5,2,1
"pfs47",240,0,0,0.0115384615384615,0.988461538461539,0,0,0,0,0,0,0,0,0,0,0,0,0,0,0,0,0,6,2,1
"pfs47",248,0,0,0.965384615384615,0.0346153846153846,0,0,0,0,0,0,0,0,0,0,0,0,0,0,0,0,0,7,2,1
"pfs47",272,0,0,0.0211538461538462,0,0,0,0.00384615384615385,0,0,0,0.975,0,0,0,0,0,0,0,0,0,0,8,3,1
"pfs47",276,0,0,0.00384615384615385,0.996153846153846,0,0,0,0,0,0,0,0,0,0,0,0,0,0,0,0,0,9,2,1
"pfs47",303,0,0.0807692307692308,0.919230769230769,0,0,0,0,0,0,0,0,0,0,0,0,0,0,0,0,0,0,10,2,1
"pfs47",304,0,0,0.875,0.125,0,0,0,0,0,0,0,0,0,0,0,0,0,0,0,0,0,11,2,1
"pfs47",331,0,0,0,0,0,0,0,0,0,0,0,0,0,0,0,0.00384615384615385,0,0.996153846153846,0,0,0,12,2,1
"pfs47",369,0,0,0,0,0,0,0,0,0.00384615384615385,0,0,0,0,0,0.971153846153846,0,0.025,0,0,0,0,13,3,1
"pfs47",437,0,0.998076923076923,0,0.00192307692307692,0,0,0,0,0,0,0,0,0,0,0,0,0,0,0,0,0,14,2,0
"pfs4845",33,0,0,0,0,0,0,0,0,0,0,0.0146788990825688,0,0,0,0,0,0,0.985321100917431,0,0,0,1,2,0
"pfs4845",138,0,0,0.073394495412844,0,0,0,0,0,0,0,0.926605504587156,0,0,0,0,0,0,0,0,0,0,2,2,1
"pfs4845",253,0,0,0,0,0,0,0,0,0,0,0,0,0,0,0,0,0,0.946788990825688,0,0.0532110091743119,0,3,2,1
"pfs4845",254,0,0,0,0,0,0,0,0,0,0,0.937614678899083,0,0,0,0,0,0,0.0623853211009174,0,0,0,4,2,1
"pfs4845",256,0,0,0.0055045871559633,0,0,0,0,0,0,0.994495412844037,0,0,0,0,0,0,0,0,0,0,0,5,2,1
"pfs4845",304,0,0.998165137614679,0,0,0,0,0,0,0,0,0,0,0,0,0,0,0,0,0.0018348623853211,0,0,6,2,1
"pfs4845",314,0,0,0.0385321100917431,0.961467889908257,0,0,0,0,0,0,0,0,0,0,0,0,0,0,0,0,0,7,2,1
"pfs4845",363,0,0,0,0,0,0,0,0,0,0,0,0,0,0.0036697247706422,0,0,0,0,0,0.996330275229358,0,8,2,1
"rh5",57,0,0,0,0,0,0,0,0,0,0,0,0,0,0.998065764023211,0,0,0,0,0,0.00193423597678917,0,1,2,0
"rh5",65,0,0,0,0,0,0,0,0,0,0,0,0,0,0,0,0,0.0328820116054159,0,0.967117988394584,0,0,2,2,0
"rh5",112,0.0154738878143133,0.984526112185687,0,0,0,0,0,0,0,0,0,0,0,0,0,0,0,0,0,0,0,3,2,0
"rh5",147,0,0,0,0,0,0,0.972920696324952,0,0,0,0,0,0,0,0,0,0.0270793036750484,0,0,0,0,4,2,1
"rh5",148,0,0,0,0,0,0,0,0,0,0,0,0,0,0,0,0,0.970986460348162,0,0.0290135396518375,0,0,5,2,1
"rh5",203,0,0,0,0,0,0,0.170212765957447,0,0,0,0,0,0.829787234042553,0,0,0,0,0,0,0,0,6,2,1
"rh5",285,0,0,0,0,0,0,0,0,0,0,0.0560928433268859,0,0,0,0,0,0.943907156673114,0,0,0,0,7,2,1
"rh5",309,0,0,0,0,0,0,0,0,0,0.980657640232108,0,0,0,0,0,0,0,0.0193423597678917,0,0,0,8,2,1
"rh5",371,0,0.988394584139265,0.011605415860735,0,0,0,0,0,0,0,0,0,0,0,0,0,0,0,0,0,0,9,2,1
"rh5",407,0,0.00580270793036751,0.994197292069632,0,0,0,0,0,0,0,0,0,0,0,0,0,0,0,0,0,0,10,2,1
"rh5",410,0,0,0.988394584139265,0,0.011605415860735,0,0,0,0,0,0,0,0,0,0,0,0,0,0,0,0,11,2,1
"rh5",505,0,0,0,0,0,0,0.00193423597678917,0.998065764023211,0,0,0,0,0,0,0,0,0,0,0,0,0,12,2,1
