chain,reference_residue,score
A,1,0.016124184465487128
A,2,0.013756478218983978
A,3,0.015840151921826775
A,4,0.009511046129958362
A,5,0.00827316339612326
A,6,0.009915771497190634
A,7,0.010407121094637248
A,8,0.011184771285965843
A,9,0.011853172858231382
A,10,None
A,11,None
A,12,0.015706720120005208
A,13,0.014172034564900939
A,14,0.01725047683165161
A,15,None
A,16,0.01300366354159324
A,17,0.022289600461961184
A,18,None
A,19,0.012357261646483668
A,20,None
A,21,0.011859767320622524
A,22,0.014828713975780403
A,23,0.014027161868981461
A,24,None
A,25,0.013658026030324054
A,26,None
A,27,None
A,28,None
A,29,0.012522883990532823
A,30,None
A,31,None
A,32,None
A,33,0.00860480066993378
A,34,0.015063769316321656
A,35,0.011466960166441347
A,36,None
A,37,0.01396397966946329
A,38,0.013527605304792563
A,39,0.01731533479013448
A,40,0.016643404841905747
A,41,0.01240071206470793
A,42,0.014024572825296526
A,43,0.013395596104306367
A,44,0.008064736581757244
A,45,None
A,46,None
A,47,None
A,48,None
A,49,0.014416805254230947
A,50,None
A,51,None
A,52,None
A,53,None
A,54,None
A,55,None
A,56,None
A,57,None
A,58,0.01936309273329645
A,59,None
A,60,0.016722476102942183
A,61,0.017587293382072395
A,62,0.020577372141083693
A,63,0.024938750430458716
A,64,0.028511301957282832
A,65,0.03192592440298566
A,66,None
A,67,None
A,68,0.03890267842075921
A,69,0.03894362436621419
A,70,None
A,71,0.030537479918304876
A,72,0.036694726384902225
A,73,0.03440393265107192
A,74,0.02788650977929391
A,75,0.035807398748404176
A,76,0.022803147786993744
A,77,0.018242518229594995
A,78,None
A,79,0.020269464699549995
A,80,None
A,81,None
A,82,None
A,83,None
A,84,None
A,85,0.04854551589819101
A,86,0.05517229675927014
A,87,0.06436946356822294
A,88,0.07761938328751458
A,89,0.07325859395192556
A,90,0.06502890350258857
A,91,0.06199262901491139
A,92,None
A,93,0.061882243389092706
A,94,None
A,95,0.07026436977211196
A,96,None
A,97,0.07953033392423416
A,98,0.07674933621560658
A,99,None
A,100,0.0691148366581295
A,101,0.07754079376807041
A,102,0.06768939423607062
A,103,None
A,104,0.08168268364701552
A,105,0.08650931647830071
A,106,0.0786305481801734
A,107,0.07677917095895358
A,108,0.06732296145742772
A,109,None
A,110,0.07036840686524067
A,111,0.06965496164901697
A,112,None
A,113,0.05891453629079631
A,114,0.061285754286206605
A,115,None
A,116,None
A,117,None
A,118,None
A,119,None
A,120,0.05077529026131471
A,121,None
A,122,None
A,123,None
A,124,0.05617371107631687
A,125,0.04669148983627503
A,126,0.03888198903706787
A,127,0.03585057698447691
A,128,0.04203171094731776
A,129,0.03771985818380236
A,130,0.02386812033490762
A,131,0.034818330631202175
A,132,0.01882101607623313
A,133,None
A,134,0.01396397966946329
A,135,None
A,136,0.026552715466619508
A,137,None
A,138,None
A,139,None
A,140,None
A,141,None
A,142,None
A,143,0.05616204612028791
A,144,0.06386232445937796
A,145,0.08126320062866974
A,146,0.07226747134874675
A,147,0.061132725984754936
A,148,None
A,149,None
A,150,None
A,151,None
A,152,0.026799643735422568
A,153,0.014754615161697095
A,154,None
A,155,0.0023866978006558707
A,156,None
A,157,None
A,158,None
A,159,0.0046022819736957765
A,160,0.004816341600379301
A,161,0.005177567220407748
A,162,0.00417244680088096
A,163,0.004414932562854595
A,164,None
A,165,0.010571207030240372
A,166,0.010505975458159483
A,167,0.01317323905524991
A,168,0.018719960003237335
A,169,0.018829252723669886
A,170,0.020000128853379255
A,171,0.022803147786993744
A,172,0.022803147786993744
A,173,0.019721641329291887
A,174,0.015549835780749262
A,175,None
A,176,None
A,177,None
A,178,0.019808915130703708
A,179,None
A,180,None
A,181,None
A,182,0.043783683473442435
A,183,0.044282611337530926
A,184,0.042620908052502446
A,185,None
A,186,0.04109233029085469
A,187,0.042457353996466836
A,188,0.029310529600514407
A,189,None
A,190,None
A,191,None
A,192,None
A,193,None
A,194,0.021768884525523134
A,195,None
A,196,0.026067215109451286
A,197,0.0309018925687477
A,198,0.019670209460853037
A,199,None
A,200,0.03345649568833854
A,201,0.013132749046421829
A,202,0.016742096424268195
A,203,None
A,204,None
A,205,0.03191060253608716
A,206,0.0318212600801696
A,207,None
A,208,None
A,209,0.037825095646374096
A,210,0.04150083963989366
A,211,None
A,212,None
A,213,None
A,214,None
A,215,None
A,216,None
A,217,None
A,218,None
A,219,None
A,220,None
A,221,None
A,222,0.011521448956832776
A,223,0.0212927602048987
A,224,None
A,225,0.007378814028444257
A,226,0.009134312888512939
A,227,0.018781443277437075
A,228,0.020938115631426838
A,229,0.022405562474055625
A,230,0.028416014071222136
A,231,0.0397625325592332
A,232,None
A,233,0.04763271264089736
A,234,0.0421662252626326
A,235,None
A,236,None
A,237,0.03831750985598309
A,238,None
A,239,None
A,240,0.03233746093658216
A,241,0.03486712352052233
A,242,None
A,243,None
A,244,0.024696313061794196
A,245,0.015004072777399218
A,246,None
A,247,None
A,248,0.006632867183073955
A,249,None
A,250,None
A,251,0.005529450845901563
A,252,0.005299057060655665
A,253,0.0028452440315970945
A,254,8.132967230925359e-05
A,255,0.00014539682000073658
A,256,0.00011108443047117564
A,257,0.00018469325783877349
A,258,0.00018469325783877349
A,259,0.0001952471582867034
A,260,0.00017522180871883637
A,261,0.00022044034000111675
A,262,0.00022044034000111675
A,263,None
A,264,0.00023564312207015927
A,265,0.0002628327130782546
A,266,0.00021892684725458052
A,267,None
A,268,0.00023717075119246225
A,269,0.0002846049014309547
A,270,0.0002710522870770997
A,271,0.0002710522870770997
A,272,0.00023564312207015927
A,273,0.00023564312207015927
A,274,0.00018982362611207274
A,275,0.00018982362611207274
A,276,0.00020708031939498846
A,277,0.0001952471582867034
A,278,None
A,279,None
A,280,0.00018469325783877349
A,281,0.00017983290894827946
A,282,0.00010843956307900479
A,283,0.00014539682000073658
A,284,9.90100358547435e-05
A,285,0.00010121025887373781
A,286,0.00010843956307900479
A,287,0.0036293548182925284
A,288,0.00327527142138594
A,289,0.006287015806082307
A,290,0.006358868472786798
A,291,0.0074306785418364035
A,292,0.007580419637798806
A,293,None
A,294,0.008843822910765273
A,295,None
A,296,0.008747317449501475
A,297,0.0095864956100159
A,298,0.010905243992334581
A,299,None
A,300,None
A,301,None
A,302,None
A,303,None
A,304,None
A,305,0.0345916232955035
A,306,0.05240162396404319
A,307,0.03448774381185857
A,308,0.03972607258340006
A,309,0.03199134012651718
A,310,None
A,311,None
A,312,None
A,313,None
A,314,0.00935267864391795
A,315,0.008714996009105363
A,316,0.010570662177076596
A,317,None
A,318,0.013182698927609454
A,319,None
A,320,None
A,321,0.02604430783076898
A,322,None
A,323,0.034552755040165084
A,324,0.04516267843164898
A,325,None
A,326,None
A,327,None
A,328,None
A,329,None
A,330,None
A,331,None
A,332,None
A,333,None
A,334,None
A,335,None
A,336,0.05126372431535644
A,337,0.04521354874533311
A,338,0.04235737446838507
A,339,0.03346010412435845
A,340,0.03882399362831801
A,341,0.038178616743814474
A,342,None
A,343,0.03178896365198996
A,344,0.034293568927841356
A,345,0.03507648618244311
A,346,0.030562678020839045
A,347,None
A,348,0.027268574351228963
A,349,0.021614639345319105
A,350,0.023940248029159894
A,351,None
A,352,0.020043556713238802
A,353,0.010982279688663766
A,354,None
A,355,0.011080738385007548
A,356,0.008148818241865542
A,357,0.007333936417678987
A,358,0.007719933071241039
A,359,0.008889619900216954
A,360,0.00946314376474708
A,361,0.008381641620204557
A,362,None
A,363,0.006316796411136034
A,364,0.0071407263778059515
A,365,0.0
A,366,0.0
A,367,0.0
A,368,0.0
A,369,0.0
A,370,0.0
A,371,None
A,372,0.006316796411136034
A,373,0.00586559666748346
A,374,0.005095866914166217
A,375,0.011169927685823266
A,376,0.010198629626186461
A,377,None
A,378,None
A,379,None
A,380,None
A,381,None
A,382,None
A,383,None
A,384,0.04005854521995959
A,385,0.03466421022126971
A,386,0.037635428240235684
A,387,0.031055033510448346
A,388,None
A,389,None
A,390,0.028733044424943243
A,391,0.03887411892786439
A,392,0.025786932244242486
A,393,0.04113450347360918
A,394,0.04490892609100886
A,395,None
A,396,0.034430176669773466
A,397,0.0383547874209794
A,398,0.047836001338198285
A,399,0.06439461718603615
A,400,0.04235499004923462
A,401,None
A,402,0.04998570611778159
A,403,None
A,404,0.04981379385148271
A,405,None
A,406,0.03315656892000909
A,407,None
A,408,None
A,409,0.031300160608884964
A,410,0.02396915924424592
A,411,0.01663157998774437
A,412,0.009857063294644065
A,413,0.01406138145476476
A,414,None
A,415,None
A,416,0.005735501826222943
A,417,0.0062569110831523014
A,418,0.006581843245063715
A,419,0.002694455540152103
A,420,0.006815818152726914
A,421,None
A,422,0.009439318150719486
A,423,0.005294309378051947
A,424,0.006072884286588998
A,425,0.005301908865197476
A,426,0.005467593517234897
A,427,0.008331571073881747
A,428,0.006998519702060668
A,429,None
A,430,0.007607086632674639
A,431,0.010291940738324512
A,432,0.007290124689646529
A,433,0.005643967501661829